uName,pWord,fName,lName,eAddr,age,registered,address,city,state,zip,pNumber
ngarth,dummy,neida,garth,ngarth@zoho.com,22,2016-10-31,711 Corona Ave.,Hillsboro,OR,97124,971-927-6956
mlittlepage,dummy,mirella,littlepage,mlittlepage@yandex.com,23,2013-09-15,3 W. Court Street,Grandville,MI,49418,947-898-2169
lefaw,dummy,lavinia,efaw,lefaw@aol.com,19,2015-12-02,949 River St.,West Islip,NY,11795,607-579-4038
aboehm,dummy,alberta,boehm,aboehm@icloud.com,26,2017-01-28,5 Golden Star St.,Huntsville,AL,35803,251-554-1465
lmarion,dummy,louetta,marion,lmarion@zoho.com,23,2017-12-20,298 Lake View St.,Brockton,MA,2301,617-458-2043
dnewkirk,dummy,domonique,newkirk,dnewkirk@tutanota.com,27,2014-09-23,225 St Margarets St.,Alexandria,VA,22304,804-537-7235
akroeker,dummy,arden,kroeker,akroeker@mail.com,23,2016-04-23,732 Carpenter Dr.,Hamden,CT,6514,959-597-1668
sromeo,dummy,sabine,romeo,sromeo@yandex.com,17,2014-12-13,7727 Trenton Street,Franklin,MA,2038,774-482-7733
amathis,dummy,ahmed,mathis,amathis@gmail.com,22,2017-01-31,677 E. Monroe Ave.,Wantagh,NY,11793,917-340-8691
lkarlin,dummy,lola,karlin,lkarlin@protonmail.com,19,2017-09-19,7752B N. Walt Whitman St.,Freehold,NJ,7728,201-706-9777
mbagby,dummy,mirna,bagby,mbagby@yahoo.com,15,2019-05-23,9794 Coffee Dr.,Massapequa,NY,11758,631-454-3089
adrey,dummy,abraham,drey,adrey@yandex.com,25,2014-05-11,60 Hill Lane,Elizabethton,TN,37643,931-949-3552
kosgood,dummy,kermit,osgood,kosgood@tutanota.com,23,2015-06-27,8 South 4th Ave.,Tuckerton,NJ,8087,201-617-1585
mmims,dummy,marcela,mims,mmims@protonmail.com,15,2018-02-10,9269 Locust St.,Peachtree City,GA,30269,478-344-6032
jhawkins,dummy,jacinto,hawkins,jhawkins@yahoo.com,18,2016-10-30,9 Argyle St.,Boynton Beach,FL,33435,941-413-1633
dhayner,dummy,danyelle,hayner,dhayner@outlook.com,13,2019-07-07,300 Henry Circle,Yorktown,VA,23693,434-786-1909
tmorphis,dummy,tran,morphis,tmorphis@yandex.com,15,2018-07-16,81 Marshall St.,Clementon,NJ,8021,908-665-4977
dparrett,dummy,delaine,parrett,dparrett@yahoo.com,13,2015-08-29,57 Bradford St.,Copperas Cove,TX,76522,972-864-5212
halto,dummy,harrison,alto,halto@zoho.com,10,2017-08-20,45 Woodside St.,Evans,GA,30809,478-498-8660
lhenricksen,dummy,loretta,henricksen,lhenricksen@yandex.com,9,2018-01-16,20 Sutor St.,Beckley,WV,25801,304-638-9264
datchison,dummy,dierdre,atchison,datchison@zoho.com,19,2014-10-10,158 Rock Maple St.,High Point,NC,27265,336-835-1325
lmcjunkin,dummy,lucy,mcjunkin,lmcjunkin@gmail.com,23,2013-08-22,799 San Pablo Street,Fort Worth,TX,76110,469-913-2589
jcrowner,dummy,jay,crowner,jcrowner@gmail.com,19,2014-03-10,7079 Applegate Street,Williamsport,PA,17701,610-880-6413
lmusic,dummy,leanora,music,lmusic@mail.com,26,2015-01-14,316 Cherry Hill Street,Pensacola,FL,32503,239-964-3590
ldooling,dummy,lashell,dooling,ldooling@icloud.com,14,2017-08-12,5 Courtland Court,Bartlett,IL,60103,847-823-9851
jsurrett,dummy,janee,surrett,jsurrett@yahoo.com,15,2017-03-30,64 Stillwater Avenue,Englewood,NJ,7631,732-764-1027
mmacgillivray,dummy,marcelina,macgillivray,mmacgillivray@outlook.com,21,2018-07-29,7756 Spruce Lane,Oak Lawn,IL,60453,872-766-9445
sleu,dummy,steve,leu,sleu@mail.com,16,2017-07-26,41 Lakeshore St.,Milford,MA,1757,774-202-1429
emarkovich,dummy,earle,markovich,emarkovich@outlook.com,18,2015-03-17,294 Strawberry Avenue,Riverside,NJ,8075,201-525-3916
woverturf,dummy,wanetta,overturf,woverturf@gmail.com,19,2018-03-17,75 Lake Forest Ave.,Flowery Branch,GA,30542,706-745-4886
jsoltero,dummy,janiece,soltero,jsoltero@yahoo.com,18,2018-12-09,953 SE. Alton Drive,Crown Point,IN,46307,574-995-1850
aestes,dummy,anastasia,estes,aestes@yandex.com,18,2016-03-01,8234 Green Street,Rochester,NY,14606,718-504-9020
rfite,dummy,reiko,fite,rfite@mail.com,16,2018-10-11,8778 Winchester Drive,Point Pleasant Beach,NJ,8742,609-228-9480
krace,dummy,kareem,race,krace@yandex.com,23,2018-05-07,9 Gates St.,Algonquin,IL,60102,309-662-6799
tsperber,dummy,tiffiny,sperber,tsperber@yandex.com,19,2016-07-07,38 Virginia Ave.,Hermitage,TN,37076,901-840-8860
emaclachlan,dummy,enriqueta,maclachlan,emaclachlan@gmail.com,14,2016-07-13,27 Front Street,Drexel Hill,PA,19026,223-702-7517
sellingson,dummy,suanne,ellingson,sellingson@zoho.com,10,2014-04-04,7722 Mammoth Street,Saint Augustine,FL,32084,904-695-2572
equinton,dummy,evon,quinton,equinton@outlook.com,19,2016-05-18,255 Henry St.,Harrisonburg,VA,22801,276-498-8558
ccorder,dummy,china,corder,ccorder@gmx.com,21,2019-06-13,372 Corona Drive,Hastings,MN,55033,320-878-0772
twalt,dummy,tiny,walt,twalt@tutanota.com,11,2015-09-29,25 South Studebaker St.,Dickson,TN,37055,901-304-2273
dvanwagner,dummy,denny,vanwagner,dvanwagner@yahoo.com,15,2018-05-01,9978 Lake View Dr.,Gettysburg,PA,17325,412-476-8860
croane,dummy,clemencia,roane,croane@tutanota.com,22,2016-03-11,84 University St.,North Canton,OH,44720,234-542-5390
lsteppe,dummy,lisette,steppe,lsteppe@gmx.com,22,2016-06-07,8553 New Saddle St.,Morganton,NC,28655,743-650-1788
jfarraj,dummy,jaleesa,farraj,jfarraj@protonmail.com,20,2015-07-23,8564 East Strawberry Ave.,Stockbridge,GA,30281,470-814-3405
pmolinar,dummy,phuong,molinar,pmolinar@outlook.com,16,2015-03-18,7517 E. Pilgrim Ave.,Loxahatchee,FL,33470,727-702-9596
lpletcher,dummy,lashaun,pletcher,lpletcher@mail.com,6,2018-05-20,773 Jennings Ave.,East Lansing,MI,48823,947-686-7191
trierson,dummy,tabetha,rierson,trierson@zoho.com,20,2013-09-10,212 Brandywine Court,Vicksburg,MS,39180,601-244-8926
olayton,dummy,orpha,layton,olayton@zoho.com,9,2014-09-29,8755 West County Ave.,Bozeman,MT,59715,406-468-3151
lpaquin,dummy,lucila,paquin,lpaquin@zoho.com,25,2015-11-28,229 Woodsman Dr.,Kearny,NJ,7032,609-474-5720
loloughlin,dummy,laree,oloughlin,loloughlin@aol.com,20,2017-05-07,7748 2nd Drive,Palm Harbor,FL,34683,321-580-5621
jdechant,dummy,jin,dechant,jdechant@gmail.com,16,2016-01-13,589 Marsh Street,Brentwood,NY,11717,347-472-9537
ndebo,dummy,nicol,debo,ndebo@zoho.com,18,2017-02-16,195 Coffee Street,Deerfield Beach,FL,33442,386-832-4579
ilamar,dummy,ignacia,lamar,ilamar@yahoo.com,20,2016-11-29,974 Temple Street,Johnston,RI,2919,401-906-8180
mclaflin,dummy,mica,claflin,mclaflin@gmx.com,16,2017-03-02,8676 Hillcrest Lane,Evanston,IL,60201,618-424-3494
kpetty,dummy,kitty,petty,kpetty@icloud.com,17,2018-10-17,10 Lincoln Street,Jenison,MI,49428,269-710-1470
lmortenson,dummy,lelia,mortenson,lmortenson@gmail.com,12,2018-03-22,895 Grandrose Court,Toledo,OH,43612,740-933-3555
bsommer,dummy,barbar,sommer,bsommer@outlook.com,24,2016-03-05,637 Columbia Drive,Nottingham,MD,21236,410-281-0179
ksleeper,dummy,ken,sleeper,ksleeper@protonmail.com,11,2016-04-10,7696 West Smoky Hollow Ave.,Oakland,CA,94603,442-306-2617
rgalarza,dummy,retha,galarza,rgalarza@yandex.com,21,2014-07-12,80 Belmont Ave.,Port Charlotte,FL,33952,904-967-5315
zsoutherland,dummy,zofia,southerland,zsoutherland@outlook.com,16,2014-04-10,365 Johnson St.,Roselle,IL,60172,847-823-8950
mgress,dummy,merideth,gress,mgress@tutanota.com,25,2017-08-10,7313 Brook Street,Irwin,PA,15642,445-963-2591
rsircy,dummy,rudy,sircy,rsircy@yandex.com,20,2017-09-05,597 Fifth Rd.,North Fort Myers,FL,33917,754-807-1924
mbakos,dummy,madelene,bakos,mbakos@yahoo.com,18,2016-05-25,30 Durham St.,Chevy Chase,MD,20815,443-461-7520
emccallister,dummy,erna,mccallister,emccallister@aol.com,19,2014-08-05,192 West Bowman Lane,Bristol,CT,6010,475-415-7383
rgerard,dummy,robbin,gerard,rgerard@aol.com,12,2014-01-19,152 Pine Road,Naugatuck,CT,6770,475-849-0543
abutera,dummy,arielle,butera,abutera@protonmail.com,15,2017-01-13,8981 Lake Rd.,Santa Cruz,CA,95060,510-682-4043
pketelsen,dummy,peg,ketelsen,pketelsen@yandex.com,13,2018-10-25,23 South Marshall Lane,Indian Trail,NC,28079,828-757-5866
mvalcourt,dummy,milagros,valcourt,mvalcourt@yahoo.com,9,2019-01-18,579 Crescent Rd.,Ballston Spa,NY,12020,680-916-2748
amyerson,dummy,angelic,myerson,amyerson@yandex.com,13,2014-05-12,355 Lake View St.,Pawtucket,RI,2860,401-717-4224
lkostelnik,dummy,larraine,kostelnik,lkostelnik@zoho.com,17,2013-06-17,58 Prairie St.,Westerville,OH,43081,234-912-1734
rwoosley,dummy,rachael,woosley,rwoosley@outlook.com,17,2017-07-22,67 Eagle Dr.,Jupiter,FL,33458,941-894-8257
hballow,dummy,hortense,ballow,hballow@zoho.com,14,2016-02-11,970 Bay Meadows Drive,Moses Lake,WA,98837,206-831-6375
bcrase,dummy,buena,crase,bcrase@gmail.com,17,2013-12-04,798 Temple Dr.,Rock Hill,SC,29730,843-206-2522
sosgood,dummy,salina,osgood,sosgood@gmx.com,21,2014-03-16,63 Westport Ave.,Severn,MD,21144,301-843-8404
sduncan,dummy,shantel,duncan,sduncan@mail.com,18,2017-04-28,7448 Smoky Hollow Road,Brooklyn,NY,11201,631-205-6232
smarinello,dummy,sanjuana,marinello,smarinello@mail.com,18,2018-08-25,997 Clark Drive,Pasadena,MD,21122,301-379-9170
egarofalo,dummy,elfrieda,garofalo,egarofalo@yahoo.com,23,2015-12-06,638 Piper St.,Quakertown,PA,18951,724-663-4655
wmui,dummy,willetta,mui,wmui@yahoo.com,20,2014-05-11,18 Golden Star Drive,Sumter,SC,29150,843-916-4741
cpaulette,dummy,caroll,paulette,cpaulette@protonmail.com,21,2014-05-27,7010 Saxton Street,Jackson Heights,NY,11372,212-728-4166
sreddell,dummy,savannah,reddell,sreddell@aol.com,24,2014-08-11,81 Wentworth Drive,Fort Lee,NJ,7024,973-716-2758
mradice,dummy,marlys,radice,mradice@gmx.com,11,2017-07-27,52 Fieldstone St.,Commack,NY,11725,838-783-3900
fpresnell,dummy,florencia,presnell,fpresnell@icloud.com,13,2015-05-19,9961 Shore Drive,Bergenfield,NJ,7621,609-271-4508
lpaez,dummy,layla,paez,lpaez@protonmail.com,14,2017-11-06,7278 South Bedford Street,Villa Rica,GA,30180,762-870-2023
ggeil,dummy,glendora,geil,ggeil@outlook.com,16,2014-01-17,7 Cherry Hill Rd.,Yorktown Heights,NY,10598,838-673-5409
ktrunnell,dummy,katrice,trunnell,ktrunnell@protonmail.com,23,2014-09-17,88 Glen Ridge St.,Glenside,PA,19038,814-857-2486
kmayne,dummy,kallie,mayne,kmayne@gmx.com,16,2018-01-06,801 Smith Street,Trussville,AL,35173,256-853-7486
pmacgregor,dummy,paulette,macgregor,pmacgregor@outlook.com,29,2018-01-28,466 Leatherwood Dr.,Tullahoma,TN,37388,901-573-3147
nlague,dummy,nakia,lague,nlague@mail.com,12,2017-01-22,979 North Pin Oak St.,Middle River,MD,21220,667-458-3960
kmcpeters,dummy,kara,mcpeters,kmcpeters@icloud.com,11,2018-12-02,8657 Gregory Drive,Mocksville,NC,27028,704-895-6905
nbenesh,dummy,norene,benesh,nbenesh@yahoo.com,19,2013-08-02,528 Creek St.,Saint Albans,NY,11412,347-702-2642
lhara,dummy,lissette,hara,lhara@zoho.com,15,2016-04-06,9509 S. Mill Rd.,Middleburg,FL,32068,727-616-4610
rcarlen,dummy,rosalie,carlen,rcarlen@yahoo.com,24,2019-08-30,70 Amerige St.,Youngstown,OH,44512,330-840-6011
emackiewicz,dummy,evelynn,mackiewicz,emackiewicz@yandex.com,11,2014-08-17,896 Myrtle Ave.,Lewis Center,OH,43035,234-986-6166
adedmon,dummy,alverta,dedmon,adedmon@yandex.com,13,2017-09-16,758 Lookout Street,Essex,MD,21221,301-270-9280
vperryman,dummy,velvet,perryman,vperryman@tutanota.com,19,2017-03-11,8170 Spring Ave.,Carmel,NY,10512,929-483-2138
lshaughnessy,dummy,lane,shaughnessy,lshaughnessy@yandex.com,12,2018-06-23,84 Arch Dr.,Port Chester,NY,10573,315-954-5385
azeman,dummy,andra,zeman,azeman@zoho.com,19,2014-05-09,988 Windfall St.,Lady Lake,FL,32159,786-299-0115
ppaquet,dummy,penny,paquet,ppaquet@gmail.com,28,2016-04-29,831 Dunbar Street,Xenia,OH,45385,380-951-6584
sickes,dummy,shaquita,ickes,sickes@gmx.com,21,2017-11-12,8951 Hill Street,Southampton,PA,18966,484-657-5409
csherrill,dummy,charlsie,sherrill,csherrill@gmx.com,16,2013-08-18,8648 Warren Street,Altamonte Springs,FL,32714,321-931-3683
bhargis,dummy,brett,hargis,bhargis@tutanota.com,10,2015-06-03,7562 Clinton Street,Douglasville,GA,30134,678-299-3614
lriffe,dummy,lakendra,riffe,lriffe@zoho.com,8,2019-07-01,8148 Fairview St.,Florence,SC,29501,854-737-7407
etriolo,dummy,elden,triolo,etriolo@yandex.com,22,2016-01-20,8631 Gates Lane,Hopkins,MN,55343,507-248-3218
sdurrah,dummy,svetlana,durrah,sdurrah@mail.com,20,2014-08-27,63 Pheasant Dr.,Fenton,MI,48430,313-817-9050
zhepburn,dummy,zachary,hepburn,zhepburn@icloud.com,26,2015-06-24,737 Old Orchard Court,Oswego,NY,13126,646-485-3488
rhickerson,dummy,ronny,hickerson,rhickerson@yahoo.com,11,2016-09-25,98 Yukon Street,Gloucester,MA,1930,978-630-3958
ipatout,dummy,isadora,patout,ipatout@protonmail.com,14,2014-08-10,989 Pacific St.,Merrimack,NH,3054,603-334-0160
ofiorillo,dummy,olive,fiorillo,ofiorillo@aol.com,10,2014-08-06,853 Kirkland Dr.,New Hyde Park,NY,11040,934-969-4178
ghunter,dummy,genie,hunter,ghunter@yandex.com,13,2014-06-13,776 Wakehurst Street,Freeport,NY,11520,917-371-2704
jnowakowski,dummy,jamika,nowakowski,jnowakowski@gmail.com,17,2013-11-12,74 Kent St.,Bridgeport,CT,6606,860-567-3609
rhollifield,dummy,ramona,hollifield,rhollifield@yandex.com,18,2015-05-08,16 Green Lake Circle,West Palm Beach,FL,33404,813-290-0999
lveach,dummy,lashanda,veach,lveach@gmx.com,15,2019-07-05,664 Hamilton Street,Mechanicsville,VA,23111,703-221-2937
gmancil,dummy,gertha,mancil,gmancil@yahoo.com,13,2015-03-23,91 San Juan Court,Bensalem,PA,19020,484-441-1880
lfetter,dummy,lavern,fetter,lfetter@mail.com,11,2017-01-24,9075 Bayberry Rd.,Davison,MI,48423,586-888-3369
tholub,dummy,tomas,holub,tholub@icloud.com,26,2016-04-06,747 Liberty Lane,Plainview,NY,11803,212-708-4689
fmungo,dummy,fatimah,mungo,fmungo@aol.com,23,2016-06-03,9046 Park Circle,Ridgewood,NJ,7450,201-804-3277
bduggins,dummy,beckie,duggins,bduggins@gmail.com,11,2016-09-10,9023 West Wagon Drive,Ogden,UT,84404,801-339-4672
nbaratta,dummy,noriko,baratta,nbaratta@outlook.com,9,2017-11-26,71 Jockey Hollow St.,Roseville,MI,48066,231-920-3244
ngatewood,dummy,nelly,gatewood,ngatewood@tutanota.com,20,2015-10-05,46 Yukon St.,Natick,MA,1760,413-606-8028
jelia,dummy,jeanne,elia,jelia@tutanota.com,22,2015-12-21,8377 Myrtle Drive,Willingboro,NJ,8046,551-608-8512
vmulvey,dummy,veola,mulvey,vmulvey@mail.com,19,2018-07-01,9797 Trenton St.,Mason,OH,45040,216-288-6924
jgardiner,dummy,jennine,gardiner,jgardiner@aol.com,23,2017-10-31,762 Alderwood Dr.,Kennewick,WA,99337,360-265-1886
acruz,dummy,arnetta,cruz,acruz@yahoo.com,19,2015-03-22,1 E. Summerhouse Ave.,Newark,NJ,7103,862-960-8396
elewey,dummy,ehtel,lewey,elewey@icloud.com,23,2017-10-11,7840 East 2nd Avenue,Waldorf,MD,20601,443-241-5905
zhallman,dummy,zachariah,hallman,zhallman@icloud.com,21,2016-09-08,82 Hanover St.,Hartford,CT,6106,203-688-2674
ksneller,dummy,katy,sneller,ksneller@outlook.com,18,2015-04-16,7929 East Charles St.,Christiansburg,VA,24073,571-299-6964
mgargano,dummy,maurice,gargano,mgargano@gmail.com,17,2015-08-06,8005 Carpenter Street,Scarsdale,NY,10583,934-661-9018
kkempker,dummy,krystal,kempker,kkempker@yahoo.com,12,2018-07-18,1 Rock Creek Ave.,Saint Paul,MN,55104,507-338-7861
cguilford,dummy,charity,guilford,cguilford@tutanota.com,19,2016-03-01,70 South Ann Ave.,Providence,RI,2904,401-253-3732
ezwiebel,dummy,elyse,zwiebel,ezwiebel@zoho.com,19,2013-12-20,9271 Myers Street,Stone Mountain,GA,30083,912-900-5655
swingrove,dummy,sherri,wingrove,swingrove@zoho.com,16,2016-03-22,224 Heritage St.,State College,PA,16801,717-725-3572
apenney,dummy,annabelle,penney,apenney@yahoo.com,24,2013-08-14,321 Grove Ave.,Corpus Christi,TX,78418,432-839-8516
mpenner,dummy,marlon,penner,mpenner@gmx.com,17,2013-11-20,27 SW. San Carlos Rd.,Kalamazoo,MI,49009,269-267-2924
ipare,dummy,ileen,pare,ipare@zoho.com,19,2015-08-30,32 West Hillcrest Lane,Clinton Township,MI,48035,248-401-0035
bvincent,dummy,breana,vincent,bvincent@protonmail.com,25,2017-02-20,9333 Lincoln Ave.,Santa Clara,CA,95050,310-676-2866
mhadlock,dummy,mallie,hadlock,mhadlock@yahoo.com,24,2013-07-04,7508 2nd Circle,Oak Ridge,TN,37830,901-848-4573
sblatter,dummy,silvana,blatter,sblatter@outlook.com,15,2017-02-02,7 Belmont St.,Calumet City,IL,60409,630-586-3210
dfolmar,dummy,donna,folmar,dfolmar@zoho.com,19,2017-05-13,8133 Manor Ave.,Lynnwood,WA,98037,564-981-3136
ecase,dummy,elena,case,ecase@protonmail.com,13,2016-02-09,8112 Princeton Lane,Hephzibah,GA,30815,470-842-7414
atruitt,dummy,alden,truitt,atruitt@tutanota.com,20,2019-08-04,7849 E. Lake View Drive,Wellington,FL,33414,239-537-5757
wgreeley,dummy,wilson,greeley,wgreeley@icloud.com,23,2017-02-25,8 Pumpkin Hill Ave.,Burnsville,MN,55337,952-894-1125
epaulin,dummy,elfreda,paulin,epaulin@aol.com,9,2018-02-26,8526 E. Glen Creek St.,Rahway,NJ,7065,551-589-7662
cemigh,dummy,carlita,emigh,cemigh@mail.com,17,2015-02-06,9555 Winchester St.,Stevens Point,WI,54481,715-685-2724
mmccaul,dummy,mike,mccaul,mmccaul@protonmail.com,15,2013-10-15,9684 S. Border Drive,Chaska,MN,55318,507-408-4485
rmullinix,dummy,ryann,mullinix,rmullinix@tutanota.com,15,2019-01-02,777 St Paul Street,Glen Ellyn,IL,60137,773-949-4609
jwheeler,dummy,joe,wheeler,jwheeler@protonmail.com,10,2018-04-01,72 Oak St.,Marshalltown,IA,50158,563-968-2013
ehamill,dummy,etta,hamill,ehamill@icloud.com,9,2016-11-03,9584 Plymouth Road,Council Bluffs,IA,51501,712-712-0422
rwoodford,dummy,rosana,woodford,rwoodford@outlook.com,18,2016-08-03,151 Golden Star Avenue,Ronkonkoma,NY,11779,315-877-7630
mgilcrease,dummy,melva,gilcrease,mgilcrease@outlook.com,23,2018-05-20,9675 Front St.,Suitland,MD,20746,443-909-1775
zloesch,dummy,zoraida,loesch,zloesch@outlook.com,24,2019-08-16,88 Inverness St.,Fargo,ND,58102,701-350-8939
nedson,dummy,nanci,edson,nedson@yahoo.com,10,2014-10-20,3 Bow Ridge Dr.,Lagrange,GA,30240,770-724-2777
mmao,dummy,merle,mao,mmao@aol.com,14,2013-12-21,12 Studebaker Lane,Kingston,NY,12401,914-365-8256
evickrey,dummy,ebonie,vickrey,evickrey@aol.com,17,2017-01-06,285 Prince Street,Baltimore,MD,21206,410-421-5412
sdibenedetto,dummy,sheryl,dibenedetto,sdibenedetto@yahoo.com,18,2018-12-11,397 York Rd.,Boca Raton,FL,33428,941-576-5548
ssuttle,dummy,sheena,suttle,ssuttle@yahoo.com,15,2014-08-21,12 Old Amherst Street,San Carlos,CA,94070,818-924-6267
slunn,dummy,salina,lunn,slunn@aol.com,8,2015-05-27,853 Catherine St.,Hopkinsville,KY,42240,859-631-3099
dtober,dummy,dierdre,tober,dtober@aol.com,11,2016-04-14,840 Grand Street,Carrollton,GA,30117,706-351-3825
fceniceros,dummy,flossie,ceniceros,fceniceros@yandex.com,25,2015-11-30,35 Schoolhouse Street,Roanoke Rapids,NC,27870,336-652-5886
hsouder,dummy,hermine,souder,hsouder@mail.com,16,2017-09-10,64 Magnolia Street,Port Jefferson Station,NY,11776,585-977-4351
mlaubscher,dummy,mazie,laubscher,mlaubscher@yahoo.com,21,2017-04-01,9852 Beaver Ridge St.,Wheeling,WV,26003,681-629-5450
gmelgoza,dummy,grover,melgoza,gmelgoza@yandex.com,17,2014-08-22,8541 Hilldale Lane,Powder Springs,GA,30127,478-710-3880
kalder,dummy,karrie,alder,kalder@yandex.com,35,2016-12-30,31 Essex Avenue,South El Monte,CA,91733,408-604-5340
jandrada,dummy,jenifer,andrada,jandrada@yandex.com,18,2017-11-17,9 S. Fairfield Street,Stoughton,MA,2072,857-737-3666
marias,dummy,marlene,arias,marias@mail.com,14,2014-09-06,48 Fordham Ave.,Stamford,CT,6902,475-429-4146
lpasley,dummy,laurette,pasley,lpasley@aol.com,15,2017-05-24,916 Armstrong Street,New Bedford,MA,2740,413-421-1092
hmontana,dummy,hyun,montana,hmontana@outlook.com,24,2019-06-27,17 E. Piper Ave.,Monroe Township,NJ,8831,856-444-6706
aseligman,dummy,araceli,seligman,aseligman@yahoo.com,19,2018-07-24,8563 Gonzales St.,Camp Hill,PA,17011,717-368-9440
tro,dummy,tressie,ro,tro@outlook.com,10,2016-06-10,98 East Brandywine Ave.,Piscataway,NJ,8854,732-512-4295
dmadison,dummy,darlene,madison,dmadison@icloud.com,21,2015-09-11,731 Old Circle Drive,Dalton,GA,30721,470-759-1001
dlettieri,dummy,donette,lettieri,dlettieri@yahoo.com,18,2015-01-03,9485 School St.,Phoenixville,PA,19460,412-381-9946
dinsley,dummy,denyse,insley,dinsley@zoho.com,18,2014-08-13,148 San Carlos St.,Fishers,IN,46037,765-875-0976
bmoos,dummy,benedict,moos,bmoos@protonmail.com,15,2015-03-26,615 East Marshall Dr.,Romulus,MI,48174,269-327-5199
nhill,dummy,nickie,hill,nhill@gmail.com,15,2016-06-10,524 Greenview Lane,Rockville,MD,20850,240-676-4295
ahalladay,dummy,albina,halladay,ahalladay@icloud.com,18,2016-11-17,85 Gregory St.,Shepherdsville,KY,40165,859-964-9203
fbrunton,dummy,florida,brunton,fbrunton@yandex.com,13,2017-03-16,33 Jackson St.,Saugus,MA,1906,978-850-5291
mparlier,dummy,mariella,parlier,mparlier@outlook.com,29,2019-06-02,103 N. La Sierra Lane,Waterford,MI,48329,517-941-2798
dfenstermacher,dummy,daniell,fenstermacher,dfenstermacher@mail.com,24,2018-05-25,422 Edgewater St.,Saratoga Springs,NY,12866,716-807-2240
dgould,dummy,demetra,gould,dgould@tutanota.com,15,2014-04-30,915 Jefferson Dr.,Easley,SC,29640,803-867-4153
bkeeney,dummy,bo,keeney,bkeeney@yahoo.com,19,2014-07-21,230 Pearl Lane,Halethorpe,MD,21227,667-804-0462
dsvoboda,dummy,drucilla,svoboda,dsvoboda@gmx.com,20,2014-12-05,804 Anderson Road,Yuma,AZ,85365,602-929-4966
kcircle,dummy,kaley,circle,kcircle@yahoo.com,14,2018-02-04,8139 Lakewood Dr.,Lexington,NC,27292,704-417-3866
bdempsey,dummy,blanch,dempsey,bdempsey@zoho.com,27,2015-11-12,87 NW. Thatcher St.,Columbus,GA,31904,478-371-9195
kalmada,dummy,kevin,almada,kalmada@protonmail.com,23,2013-09-10,23 Winchester St.,North Wales,PA,19454,814-752-0964
dbraziel,dummy,delana,braziel,dbraziel@icloud.com,28,2015-03-15,8614 Cross Lane,Lithonia,GA,30038,229-642-3670
jfarrington,dummy,jesusa,farrington,jfarrington@outlook.com,22,2015-08-02,8631 Taylor Lane,Land O Lakes,FL,34639,305-357-0078
ddeere,dummy,doris,deere,ddeere@yahoo.com,12,2014-09-10,343 Orchard Drive,Palatine,IL,60067,708-884-8930
sbruso,dummy,sherron,bruso,sbruso@gmail.com,12,2019-05-31,981 St Paul Dr.,Centreville,VA,20120,540-880-5511
akime,dummy,ailene,kime,akime@tutanota.com,25,2018-10-11,871 Ann St.,Maumee,OH,43537,220-805-7450
ksaragosa,dummy,kallie,saragosa,ksaragosa@outlook.com,8,2014-12-16,8304 Greystone Dr.,Rego Park,NY,11374,631-487-3704
swade,dummy,shayna,wade,swade@tutanota.com,17,2016-02-04,99 E. Mayfair St.,Decatur,GA,30030,229-847-2915
mknee,dummy,maud,knee,mknee@outlook.com,14,2016-07-30,9001 Glenlake Lane,Sebastian,FL,32958,904-281-4103
sbraxton,dummy,shenika,braxton,sbraxton@outlook.com,26,2019-05-23,9619 Lafayette St.,Silver Spring,MD,20901,301-721-4754
mkibler,dummy,mora,kibler,mkibler@outlook.com,23,2017-03-03,562 Manchester Ave.,Winston Salem,NC,27103,984-589-6706
lhaff,dummy,lacie,haff,lhaff@yahoo.com,17,2019-07-05,9533 Indian Spring Court,Shelton,CT,6484,860-783-4091
sgoldblatt,dummy,stella,goldblatt,sgoldblatt@protonmail.com,23,2013-09-10,7979 North Cypress Ave.,Blacksburg,VA,24060,804-576-4818
cgoings,dummy,carli,goings,cgoings@gmx.com,14,2017-08-17,7821 Edgefield Court,Rolla,MO,65401,636-354-0569
dwoodard,dummy,denna,woodard,dwoodard@gmail.com,11,2016-11-01,76 East Valley Farms St.,Bowie,MD,20715,410-942-9234
dramage,dummy,dovie,ramage,dramage@yahoo.com,23,2018-09-04,7019 Peg Shop Dr.,Warwick,RI,2886,401-457-2167
dbogdan,dummy,dulce,bogdan,dbogdan@gmx.com,25,2015-08-15,7779 Jockey Hollow Rd.,Mentor,OH,44060,330-586-4318
lferber,dummy,laure,ferber,lferber@gmx.com,21,2015-03-03,2 Hilltop Street,Valparaiso,IN,46383,574-613-2165
jbaham,dummy,jenell,baham,jbaham@gmail.com,12,2013-12-22,76 El Dorado Ave.,Marysville,OH,43040,330-552-6432
dsundberg,dummy,domonique,sundberg,dsundberg@yahoo.com,19,2014-06-05,9612 Chestnut St.,West Babylon,NY,11704,718-625-2856
salvord,dummy,sol,alvord,salvord@aol.com,17,2017-07-26,21 Front Ave.,Statesville,NC,28625,980-300-6269
cstrand,dummy,cary,strand,cstrand@aol.com,18,2017-07-05,260 Jones Drive,Nicholasville,KY,40356,270-917-2334
amincy,dummy,albertine,mincy,amincy@gmx.com,11,2019-03-03,34 Gulf St.,Brighton,MA,2135,339-492-8832
tbushey,dummy,tynisha,bushey,tbushey@yahoo.com,17,2018-01-28,359 Bradford Street,Mundelein,IL,60060,630-978-9042
bsexton,dummy,birdie,sexton,bsexton@icloud.com,13,2013-06-07,7383 Hanover Street,Skokie,IL,60076,779-286-8152
dschweitzer,dummy,dirk,schweitzer,dschweitzer@mail.com,22,2014-03-22,6 E. Jackson St.,Helena,MT,59601,406-922-8092
sley,dummy,shaunda,ley,sley@yahoo.com,32,2018-04-10,42 Carson St.,Beltsville,MD,20705,240-232-4192
fwotring,dummy,floretta,wotring,fwotring@aol.com,12,2019-03-11,186 S. Myrtle St.,Sun City,AZ,85351,602-364-3042
jlurry,dummy,janette,lurry,jlurry@icloud.com,21,2016-11-17,10 Center Dr.,Chesapeake,VA,23320,540-784-1658
flipari,dummy,fran,lipari,flipari@icloud.com,15,2015-06-27,166 Lookout Dr.,Cumberland,RI,2864,401-278-4077
rdreiling,dummy,reda,dreiling,rdreiling@aol.com,16,2016-03-20,8937 Fulton St.,Louisville,KY,40207,859-370-3618
lnesler,dummy,lynnette,nesler,lnesler@tutanota.com,22,2014-08-08,6 Hall Avenue,Crystal Lake,IL,60014,872-543-1843
lliles,dummy,lorna,liles,lliles@mail.com,17,2017-04-06,855 Nichols Drive,Wilmington,MA,1887,857-851-7787
kgust,dummy,keva,gust,kgust@tutanota.com,14,2016-01-26,7639 Old York Street,Upper Marlboro,MD,20772,240-531-2543
kdano,dummy,kathi,dano,kdano@mail.com,13,2015-12-28,8890 Big Rock Cove Street,Norcross,GA,30092,912-513-6297
athach,dummy,alphonso,thach,athach@tutanota.com,18,2014-09-03,197 Coffee Ave.,Lincoln,NE,68506,531-266-8648
hbertin,dummy,harris,bertin,hbertin@mail.com,14,2017-12-21,4 Young St.,Cumming,GA,30040,770-848-7271
njagodzinski,dummy,naomi,jagodzinski,njagodzinski@tutanota.com,9,2019-01-02,481 Crescent Ave.,Gurnee,IL,60031,312-432-6220
dlarock,dummy,delmar,larock,dlarock@mail.com,14,2017-12-25,9646 East Cambridge Ave.,Woodside,NY,11377,607-976-0121
csabo,dummy,colette,sabo,csabo@protonmail.com,13,2015-11-18,35 Poplar St.,Benton Harbor,MI,49022,734-750-4112
dwaller,dummy,deandra,waller,dwaller@yahoo.com,10,2019-07-21,511 Riverside Dr.,Hattiesburg,MS,39401,601-507-1158
afranck,dummy,angel,franck,afranck@gmx.com,31,2017-07-18,463 Cottage St.,Redondo Beach,CA,90278,209-923-8832
jtavera,dummy,janessa,tavera,jtavera@aol.com,21,2018-04-02,4 Airport Street,Lorton,VA,22079,276-950-9994
dnorthrop,dummy,dann,northrop,dnorthrop@gmail.com,20,2019-02-16,49 Glen Ridge Avenue,Winter Park,FL,32792,941-555-1502
eweatherspoon,dummy,eulalia,weatherspoon,eweatherspoon@yahoo.com,28,2014-03-14,730 East Grand Ave.,Newtown,PA,18940,445-405-1920
edaigneault,dummy,erlinda,daigneault,edaigneault@outlook.com,17,2015-05-03,458 Fulton Street,Elkridge,MD,21075,240-698-5864
lgallant,dummy,loria,gallant,lgallant@icloud.com,20,2015-07-27,237 King Ave.,Marcus Hook,PA,19061,272-651-8542
cseelig,dummy,charlene,seelig,cseelig@zoho.com,13,2015-03-27,9781 East Linden St.,San Diego,CA,92111,949-959-3149
tstrassburg,dummy,trang,strassburg,tstrassburg@protonmail.com,14,2016-08-07,35 Chapel St.,Bellmore,NY,11710,914-555-5214
vnewton,dummy,violeta,newton,vnewton@gmx.com,17,2015-05-15,80 Sussex St.,Morgantown,WV,26508,304-284-2682
bcrum,dummy,bernie,crum,bcrum@outlook.com,14,2015-01-20,434 Rock Creek Street,Crofton,MD,21114,301-243-7418
kvankleeck,dummy,kyoko,vankleeck,kvankleeck@aol.com,12,2013-09-15,988 Oakland Ave.,North Haven,CT,6473,860-441-7767
ftalbott,dummy,faustino,talbott,ftalbott@zoho.com,30,2017-12-19,847 Snake Hill St.,Hicksville,NY,11801,716-350-8352
asiegal,dummy,alfonso,siegal,asiegal@tutanota.com,20,2013-05-17,9158B Bald Hill St.,Uniontown,PA,15401,272-843-1888
ssaam,dummy,son,saam,ssaam@aol.com,20,2014-10-03,8446 Woodside Lane,Cordova,TN,38016,901-920-0255
msunseri,dummy,miki,sunseri,msunseri@gmx.com,24,2019-09-04,448 Lafayette St.,East Orange,NJ,7017,862-387-0589
ccarberry,dummy,cyrus,carberry,ccarberry@outlook.com,18,2019-06-01,3 Blackburn Avenue,Iowa City,IA,52240,712-730-4310
dmcnett,dummy,deann,mcnett,dmcnett@mail.com,12,2014-01-13,428 N. Maple Ave.,Parsippany,NJ,7054,862-730-3658
emccaffery,dummy,eunice,mccaffery,emccaffery@aol.com,11,2014-05-27,8219 Lakeshore Drive,East Elmhurst,NY,11369,315-852-0165
kstrosnider,dummy,kandice,strosnider,kstrosnider@yandex.com,14,2015-07-13,443 Constitution Drive,Henderson,KY,42420,270-931-7046
mbotts,dummy,marlin,botts,mbotts@gmail.com,12,2018-11-11,942 Peachtree Street,Ridgefield,CT,6877,959-757-0068
mdwight,dummy,merilyn,dwight,mdwight@gmx.com,18,2015-03-09,10 Jennings St.,Apopka,FL,32703,772-614-0470
sgandee,dummy,solomon,gandee,sgandee@protonmail.com,28,2019-09-22,7 S. Foxrun Ave.,Spartanburg,SC,29301,864-992-8394
dconard,dummy,douglass,conard,dconard@zoho.com,18,2014-02-12,24 Newport Drive,Fair Lawn,NJ,7410,551-403-6550
pquarles,dummy,pa,quarles,pquarles@protonmail.com,22,2016-08-24,584 W. Military Road,Warren,MI,48089,517-225-3317
lchatfield,dummy,lu,chatfield,lchatfield@yahoo.com,18,2019-07-16,140 N. Coffee St.,Latrobe,PA,15650,445-309-8032
mberrios,dummy,marna,berrios,mberrios@tutanota.com,24,2018-09-20,7783 Charles St.,Eugene,OR,97402,458-671-7087
lreames,dummy,lane,reames,lreames@zoho.com,16,2014-01-14,718 George St.,Brainerd,MN,56401,651-991-9774
mcoons,dummy,michale,coons,mcoons@tutanota.com,27,2018-10-06,9684 Atlantic St.,Palm City,FL,34990,850-897-5795
tlei,dummy,trinity,lei,tlei@protonmail.com,13,2013-06-28,2 Cambridge Dr.,Seymour,IN,47274,463-229-0994
kjablonowski,dummy,kamala,jablonowski,kjablonowski@yahoo.com,23,2016-09-13,354 Wakehurst Court,Akron,OH,44312,614-675-0402
dcoplin,dummy,delfina,coplin,dcoplin@aol.com,19,2015-04-21,570 West Oklahoma Street,Natchez,MS,39120,228-478-2671
cwilbourn,dummy,corrin,wilbourn,cwilbourn@gmx.com,15,2016-11-04,805 Hillside Rd.,Birmingham,AL,35209,205-584-4796
bchoudhury,dummy,brandon,choudhury,bchoudhury@icloud.com,13,2014-07-31,542 South Olive Lane,Livonia,MI,48150,989-759-6548
adunn,dummy,angila,dunn,adunn@yahoo.com,21,2019-04-11,635 Maple Street,Laurel,MD,20707,240-435-4065
mquaid,dummy,mariella,quaid,mquaid@tutanota.com,29,2013-07-14,62 Lyme Ave.,Pittsfield,MA,1201,351-677-5258
gmiedema,dummy,gianna,miedema,gmiedema@mail.com,11,2015-02-09,9349 Longfellow St.,Avon Lake,OH,44012,330-350-2762
swilkinson,dummy,shawna,wilkinson,swilkinson@tutanota.com,20,2018-10-19,9024 Talbot Street,Port Richey,FL,34668,352-910-2934
cshultis,dummy,christia,shultis,cshultis@yandex.com,31,2016-01-08,182 Pine St.,Garfield,NJ,7026,862-363-4383
yalmy,dummy,yolonda,almy,yalmy@outlook.com,14,2019-06-02,7692 Fairground St.,Millington,TN,38053,629-619-1353
lvolpe,dummy,larraine,volpe,lvolpe@zoho.com,18,2019-09-24,8421 Chapel Dr.,Ottumwa,IA,52501,515-828-3496
ipapas,dummy,indira,papas,ipapas@yahoo.com,26,2018-04-04,795 Bow Ridge Dr.,Clearwater,FL,33756,407-267-9339
klehrman,dummy,kelvin,lehrman,klehrman@aol.com,13,2017-10-28,87 Trenton Rd.,North Attleboro,MA,2760,774-433-4427
lcleghorn,dummy,lorriane,cleghorn,lcleghorn@mail.com,24,2019-02-27,98 S. Yukon Rd.,Erlanger,KY,41018,859-246-7017
crentfro,dummy,cherly,rentfro,crentfro@gmail.com,33,2014-06-09,65 Cypress Ave.,Fullerton,CA,92831,925-592-0023
lhudock,dummy,laree,hudock,lhudock@gmail.com,22,2013-07-29,649 Front Drive,Ridgecrest,CA,93555,323-886-8650
mmoose,dummy,mari,moose,mmoose@tutanota.com,9,2015-03-12,9620 S. Hilldale Ave.,Farmington,MI,48331,734-728-1781
btessier,dummy,blake,tessier,btessier@tutanota.com,27,2017-06-23,591 Aspen Street,Hobart,IN,46342,317-261-2639
lpounders,dummy,leonardo,pounders,lpounders@aol.com,17,2018-11-03,8652 Kirkland Circle,Taunton,MA,2780,508-510-0819
adapolito,dummy,akiko,dapolito,adapolito@yandex.com,17,2015-03-17,7 Rose Court,Encino,CA,91316,323-377-8471
kmathieson,dummy,kary,mathieson,kmathieson@yandex.com,9,2018-01-29,9945 Central St.,Aiken,SC,29803,854-902-0872
ccarranco,dummy,candance,carranco,ccarranco@yahoo.com,19,2016-12-13,39 Brewery Court,Beloit,WI,53511,608-252-2866
lpaden,dummy,lilia,paden,lpaden@protonmail.com,24,2015-01-26,7 E. Winding Way Street,Billerica,MA,1821,508-700-9779
mtrinh,dummy,mathew,trinh,mtrinh@aol.com,14,2013-05-29,33 Tunnel Dr.,Revere,MA,2151,508-913-0066
slockwood,dummy,sheilah,lockwood,slockwood@mail.com,11,2018-04-02,50 Hilltop Court,Newnan,GA,30263,404-882-4198
lmiura,dummy,lizzie,miura,lmiura@aol.com,21,2013-08-09,519 Sleepy Hollow Rd.,Spring Valley,NY,10977,680-291-8162
tborgman,dummy,tereasa,borgman,tborgman@gmail.com,21,2016-01-17,711 Augusta Rd.,Harrison Township,MI,48045,810-704-4220
jmcgowan,dummy,jessi,mcgowan,jmcgowan@icloud.com,30,2015-10-10,766 South High Point St.,Sidney,OH,45365,380-602-3733
lslaton,dummy,larisa,slaton,lslaton@outlook.com,8,2016-10-07,652 N. Fulton Ave.,Glendora,CA,91740,760-399-5210
tdeleeuw,dummy,theron,deleeuw,tdeleeuw@outlook.com,17,2019-06-02,8436 North Country Club St.,Helotes,TX,78023,979-526-6667
kjarvis,dummy,kum,jarvis,kjarvis@outlook.com,16,2019-04-23,9192 Ramblewood Drive,Liverpool,NY,13090,917-836-2192
cbylsma,dummy,chasidy,bylsma,cbylsma@aol.com,22,2014-09-07,23 Bow Ridge Avenue,Norwalk,CT,6851,959-692-3714
bjantzen,dummy,bari,jantzen,bjantzen@gmail.com,21,2015-12-10,9914 Peg Shop Rd.,Hightstown,NJ,8520,973-854-5150
odehaan,dummy,orville,dehaan,odehaan@gmail.com,19,2016-04-23,903 Shipley St.,Front Royal,VA,22630,757-928-4472
ksanford,dummy,kara,sanford,ksanford@mail.com,9,2018-09-16,14 Hamilton Rd.,Coram,NY,11727,347-566-8462
ntieu,dummy,nana,tieu,ntieu@yandex.com,16,2018-08-26,365 Cottage Ave.,Wenatchee,WA,98801,253-463-8313
gmcpherson,dummy,gillian,mcpherson,gmcpherson@tutanota.com,26,2015-02-05,923 West Primrose Drive,Berwyn,IL,60402,224-570-0024
cmatta,dummy,cheyenne,matta,cmatta@yahoo.com,25,2014-01-22,262 Hall Ave.,Harleysville,PA,19438,570-612-5718
trhyne,dummy,tiny,rhyne,trhyne@zoho.com,21,2014-04-12,8682 North Poor House Drive,Starkville,MS,39759,662-425-4873
aholsinger,dummy,astrid,holsinger,aholsinger@outlook.com,19,2014-04-21,84 Blackburn St.,Simpsonville,SC,29680,864-373-5424
eparadiso,dummy,ernest,paradiso,eparadiso@protonmail.com,19,2014-10-09,862 Deerfield Rd.,Oconomowoc,WI,53066,534-321-6775
mpresswood,dummy,marina,presswood,mpresswood@mail.com,18,2015-09-18,9 Kingston Street,Charlottesville,VA,22901,276-259-8628
kcogdill,dummy,kermit,cogdill,kcogdill@zoho.com,9,2019-02-24,720 Manor Station Street,Lake Charles,LA,70605,225-930-9050
mblahnik,dummy,maile,blahnik,mblahnik@gmail.com,30,2016-01-27,7538 Helen Drive,Madison Heights,MI,48071,947-212-4091
mkoelling,dummy,merrill,koelling,mkoelling@yandex.com,10,2017-03-09,3 S. Myrtle St.,Mesa,AZ,85203,480-592-0785
jcregan,dummy,jerrica,cregan,jcregan@tutanota.com,23,2016-09-03,51 Birchwood Street,Saint Petersburg,FL,33702,305-917-0701
smossey,dummy,scotty,mossey,smossey@icloud.com,21,2018-03-08,8697 Sheffield Ave.,Cambridge,MA,2138,781-679-8520
cdemaria,dummy,celinda,demaria,cdemaria@mail.com,32,2013-05-29,898 Smith St.,Boston,MA,2127,617-465-9125
tmenard,dummy,thomas,menard,tmenard@outlook.com,12,2019-08-01,52 Charles Road,Biloxi,MS,39532,662-399-6716
ajaimes,dummy,alda,jaimes,ajaimes@tutanota.com,29,2019-07-15,8868 Yukon Dr.,Wethersfield,CT,6109,203-308-1644
skosloski,dummy,sharika,kosloski,skosloski@yahoo.com,16,2019-07-24,9592 Mill Rd.,Lacey,WA,98503,425-896-5905
tcashin,dummy,tasia,cashin,tcashin@tutanota.com,16,2015-10-15,690 West Pin Oak Rd.,West Lafayette,IN,47906,219-764-1055
dfeinberg,dummy,delilah,feinberg,dfeinberg@yandex.com,23,2014-05-08,960 Bayberry Rd.,Owosso,MI,48867,906-883-0659
mduca,dummy,mee,duca,mduca@tutanota.com,15,2014-07-03,15 Rockville Dr.,Anaheim,CA,92806,657-280-2385
jseeman,dummy,johnnie,seeman,jseeman@aol.com,21,2013-06-11,5 Pine Road,Jackson,NJ,8527,856-971-1444
kdonelan,dummy,keira,donelan,kdonelan@yahoo.com,25,2014-11-26,897 Pleasant Street,Chesterfield,VA,23832,804-652-3719
cspeight,dummy,carolyne,speight,cspeight@outlook.com,23,2017-12-04,146 Summer St.,Brick,NJ,8723,609-297-0215
emahan,dummy,emery,mahan,emahan@tutanota.com,12,2018-09-09,2 Bayberry St.,Gaithersburg,MD,20877,240-483-0672
shagaman,dummy,sharda,hagaman,shagaman@protonmail.com,24,2016-09-17,247 Ketch Harbour St.,Canandaigua,NY,14424,516-744-3575
nbenda,dummy,neida,benda,nbenda@yandex.com,10,2018-12-28,41 North Iroquois Court,Valrico,FL,33594,561-309-0921
ecrowden,dummy,elayne,crowden,ecrowden@yandex.com,19,2015-03-08,454 Wentworth Street,Grayslake,IL,60030,779-250-0630
bouimet,dummy,britt,ouimet,bouimet@yahoo.com,18,2016-02-04,91 Smith Store Dr.,Savage,MN,55378,763-378-6168
cernst,dummy,cordelia,ernst,cernst@outlook.com,29,2019-03-19,6 Harvey Ave.,Amarillo,TX,79106,713-904-2569
ssober,dummy,svetlana,sober,ssober@zoho.com,18,2018-09-27,485 Cypress St.,Suffolk,VA,23434,276-724-6701
nlyle,dummy,nina,lyle,nlyle@zoho.com,12,2015-01-28,9723 S. Summer St.,Massillon,OH,44646,937-714-1780
gcoupe,dummy,gisele,coupe,gcoupe@aol.com,25,2014-11-27,8766 Wild Rose Avenue,Kansas City,MO,64151,314-643-9846
tcastor,dummy,tina,castor,tcastor@mail.com,19,2013-11-18,8523 Old York Rd.,Reston,VA,20191,703-873-2660
omcelrath,dummy,ozie,mcelrath,omcelrath@tutanota.com,18,2015-10-28,907 Edgemont Circle,Royersford,PA,19468,570-654-4934
wpasch,dummy,willena,pasch,wpasch@yahoo.com,16,2014-12-05,48 Windfall Drive,Gibsonia,PA,15044,814-212-7375
hvargo,dummy,hilary,vargo,hvargo@yahoo.com,14,2016-02-02,54 La Sierra Dr.,New Britain,CT,6051,959-998-8141
ccreamer,dummy,chantal,creamer,ccreamer@outlook.com,22,2016-05-04,50 Lincoln Street,Olympia,WA,98512,206-772-1672
bnotter,dummy,bebe,notter,bnotter@aol.com,11,2013-06-11,8 S. Birch Hill Avenue,Port Huron,MI,48060,810-678-7252
gfagg,dummy,georgianna,fagg,gfagg@gmail.com,14,2018-01-03,36 Lakeshore St.,Battle Creek,MI,49015,231-852-5853
cnodal,dummy,collen,nodal,cnodal@protonmail.com,8,2019-05-04,93 Cooper Ave.,Jonesborough,TN,37659,931-784-5588
njenney,dummy,neville,jenney,njenney@yahoo.com,21,2018-07-15,9495 West Edgemont St.,Wilkes Barre,PA,18702,223-263-8924
lmaselli,dummy,loree,maselli,lmaselli@icloud.com,18,2017-02-26,191 North Parker Street,Dyersburg,TN,38024,629-815-5349
jlaubscher,dummy,jamaal,laubscher,jlaubscher@protonmail.com,15,2018-06-19,14 Squaw Creek Court,Petersburg,VA,23803,757-295-8425
gleib,dummy,greg,leib,gleib@icloud.com,17,2017-01-21,349 Miles St.,Pewaukee,WI,53072,262-649-8124
aallaire,dummy,akiko,allaire,aallaire@aol.com,4,2015-05-04,280 Iroquois Rd.,Greensboro,NC,27405,336-707-0253
tmcconnaughey,dummy,twanna,mcconnaughey,tmcconnaughey@mail.com,20,2017-06-19,7 Howard Ave.,Pomona,CA,91768,213-655-1032
hconsidine,dummy,hobert,considine,hconsidine@outlook.com,25,2019-04-07,87 Peg Shop St.,Ft Mitchell,KY,41017,859-647-7794
ecanedy,dummy,ezra,canedy,ecanedy@tutanota.com,11,2015-04-14,13 Van Dyke St.,Jeffersonville,IN,47130,219-932-6523
sleinen,dummy,stephani,leinen,sleinen@icloud.com,22,2015-03-05,345 Brown Avenue,Rockford,MI,49341,947-225-9120
jsoliman,dummy,joane,soliman,jsoliman@zoho.com,28,2018-11-19,754 8th Rd.,Maplewood,NJ,7040,609-259-1616
dstratford,dummy,donte,stratford,dstratford@yahoo.com,20,2015-05-05,9180 West Blackburn Lane,Fresh Meadows,NY,11365,516-471-9856
dkeaney,dummy,dorthea,keaney,dkeaney@tutanota.com,13,2017-10-20,9115 Sugar Dr.,Deltona,FL,32725,352-538-8480
cquillen,dummy,claudie,quillen,cquillen@tutanota.com,15,2015-10-24,99 Magnolia Road,Vienna,VA,22180,434-996-6727
nkeys,dummy,natacha,keys,nkeys@icloud.com,17,2016-11-14,7937 West Edgewood Dr.,Twin Falls,ID,83301,986-306-1598
acroke,dummy,annabelle,croke,acroke@icloud.com,13,2018-02-16,7531 Greystone Street,El Paso,TX,79930,830-908-4063
mmayhew,dummy,marivel,mayhew,mmayhew@protonmail.com,14,2018-12-22,258 S. Old York Street,Winter Springs,FL,32708,386-346-3969
kmolnar,dummy,kitty,molnar,kmolnar@gmx.com,12,2015-01-18,7070 Taylor Ave.,Sevierville,TN,37876,629-615-2485
etraynor,dummy,edna,traynor,etraynor@gmail.com,26,2018-10-06,7901 William Drive,Staten Island,NY,10301,917-739-3923
lader,dummy,latrice,ader,lader@gmail.com,24,2018-05-29,58 Johnson Lane,Feasterville Trevose,PA,19053,610-626-6687
swegner,dummy,sierra,wegner,swegner@gmail.com,16,2017-01-05,18 Iroquois Street,Colorado Springs,CO,80911,719-986-0639
nmatter,dummy,nathan,matter,nmatter@outlook.com,17,2016-01-12,8503 Riverside Street,Lansdale,PA,19446,878-704-0875
spiazza,dummy,stephanie,piazza,spiazza@outlook.com,18,2016-12-20,850 S. Pheasant Ave.,Kingsport,TN,37660,615-861-8563
tducharme,dummy,tiara,ducharme,tducharme@gmx.com,24,2017-12-27,8532 S. Race Lane,Oakland Gardens,NY,11364,929-297-2919
lfukuda,dummy,loyce,fukuda,lfukuda@yahoo.com,25,2018-05-14,88 North Jockey Hollow St.,Flushing,NY,11354,845-421-8365
acoca,dummy,antone,coca,acoca@gmx.com,9,2014-11-17,384 Wilson Street,Grand Haven,MI,49417,906-825-9803
rnieto,dummy,romelia,nieto,rnieto@mail.com,20,2017-06-03,556 Indian Summer Ave.,Annapolis,MD,21401,443-654-8544
bsantillo,dummy,barabara,santillo,bsantillo@protonmail.com,11,2015-01-29,906 Trenton St.,Northville,MI,48167,616-806-2924
dvila,dummy,deloise,vila,dvila@gmx.com,12,2014-09-01,670 Spruce Dr.,Findlay,OH,45840,419-313-5811
kkanter,dummy,kelsey,kanter,kkanter@outlook.com,17,2015-05-25,24 Cottage St.,New Windsor,NY,12553,516-560-7440
ynalley,dummy,yer,nalley,ynalley@gmail.com,18,2019-05-31,414 N. East Dr.,Elkhart,IN,46514,930-902-4554
ccraney,dummy,carli,craney,ccraney@icloud.com,20,2019-06-05,18 Glenridge Rd.,Defiance,OH,43512,513-805-3377
dattaway,dummy,dora,attaway,dattaway@gmx.com,25,2016-12-30,644 Jones St.,Kaukauna,WI,54130,920-291-8375
aalameda,dummy,arlyne,alameda,aalameda@gmail.com,24,2018-06-22,444 Yukon Lane,Ashtabula,OH,44004,614-626-9818
fschuett,dummy,floretta,schuett,fschuett@gmx.com,10,2017-12-31,7790 North York Street,Frederick,MD,21701,443-353-3217
cchinn,dummy,chia,chinn,cchinn@gmx.com,27,2014-07-14,732 Shadow Brook Court,Bethel Park,PA,15102,484-870-9648
kweingarten,dummy,keturah,weingarten,kweingarten@gmx.com,20,2016-03-17,563 Sunset Street,Northbrook,IL,60062,815-590-1722
bsilvers,dummy,boris,silvers,bsilvers@outlook.com,18,2015-04-22,995 Bridge St.,Eastpointe,MI,48021,231-613-9789
lgillispie,dummy,liza,gillispie,lgillispie@gmail.com,24,2013-09-03,986 Meadow St.,Arlington Heights,IL,60004,309-330-2738
oroux,dummy,owen,roux,oroux@outlook.com,24,2014-07-09,636 Canterbury Street,Aberdeen,SD,57401,605-770-2969
wmullet,dummy,waldo,mullet,wmullet@aol.com,16,2018-02-04,574 Virginia Lane,Carol Stream,IL,60188,847-407-5181
mbartlow,dummy,melina,bartlow,mbartlow@yahoo.com,14,2014-12-09,748 William St.,Saginaw,MI,48601,231-439-8103
hhubbert,dummy,hayley,hubbert,hhubbert@gmail.com,22,2018-09-24,199 N. Sheffield Drive,Omaha,NE,68107,308-831-9807
kflinchum,dummy,karan,flinchum,kflinchum@gmail.com,22,2018-09-21,1 Illinois Ave.,Lakeland,FL,33801,561-934-6201
kmallari,dummy,kathlyn,mallari,kmallari@yahoo.com,14,2018-06-04,10 Piper Ave.,Cincinnati,OH,45211,567-299-2526
lgulick,dummy,leatrice,gulick,lgulick@protonmail.com,20,2015-09-08,470 Lees Creek Dr.,Central Islip,NY,11722,315-500-9770
abroaddus,dummy,amiee,broaddus,abroaddus@yandex.com,25,2015-02-02,460 Marconi Ave.,Pikesville,MD,21208,240-750-7873
sgerman,dummy,susana,german,sgerman@zoho.com,11,2018-10-21,9594 Grant St.,Miami Gardens,FL,33056,941-215-2069
imcaleer,dummy,iola,mcaleer,imcaleer@yahoo.com,16,2016-03-21,92 Westport Drive,Basking Ridge,NJ,7920,973-926-1056
dkinder,dummy,davis,kinder,dkinder@tutanota.com,18,2019-07-11,1 Newcastle Street,Mount Prospect,IL,60056,872-589-6715
jgarrigan,dummy,joannie,garrigan,jgarrigan@gmail.com,9,2015-07-22,89 Vermont St.,Victoria,TX,77904,956-605-2034
lgreenawalt,dummy,lahoma,greenawalt,lgreenawalt@yahoo.com,9,2018-08-14,153 Blackburn Street,Frankfort,KY,40601,364-675-0563
hbombard,dummy,han,bombard,hbombard@mail.com,33,2019-02-28,6 Miller Street,Poughkeepsie,NY,12601,934-220-0148
kchamblee,dummy,kaleigh,chamblee,kchamblee@tutanota.com,12,2019-03-10,58 Queen St.,Medford,MA,2155,781-878-3889
abowers,dummy,adina,bowers,abowers@outlook.com,11,2016-12-15,81 Trusel Ave.,Grand Blanc,MI,48439,734-567-9822
dmacek,dummy,denise,macek,dmacek@zoho.com,15,2017-12-18,5 Woodland Lane,Lake In The Hills,IL,60156,847-861-3728
tdimmitt,dummy,taina,dimmitt,tdimmitt@outlook.com,20,2015-02-08,8949 Trusel St.,Asheville,NC,28803,828-988-7290
lcapella,dummy,laurene,capella,lcapella@outlook.com,15,2019-04-23,233 Mayfair Rd.,Collegeville,PA,19426,724-536-5225
hkruger,dummy,horacio,kruger,hkruger@outlook.com,12,2014-08-02,9372 Bridge Lane,Hallandale,FL,33009,954-853-1836
legli,dummy,lawana,egli,legli@outlook.com,18,2015-08-05,66 Roberts St.,Manahawkin,NJ,8050,862-430-0469
mmerrihew,dummy,michele,merrihew,mmerrihew@outlook.com,17,2015-09-05,8463 Manor Station St.,Egg Harbor Township,NJ,8234,201-550-8212
jtesta,dummy,jayme,testa,jtesta@yandex.com,14,2016-05-13,475 East Cedarwood Ave.,Caldwell,NJ,7006,908-370-4909
mnewberry,dummy,margarito,newberry,mnewberry@zoho.com,14,2015-11-03,11 Peninsula St.,Burke,VA,22015,540-376-2309
lbergey,dummy,lucas,bergey,lbergey@gmail.com,16,2017-04-07,7667 Bear Hill Lane,Phillipsburg,NJ,8865,908-509-1631
amaass,dummy,amos,maass,amaass@outlook.com,17,2014-07-25,529 Pawnee St.,Ithaca,NY,14850,716-902-2759
jkellerman,dummy,jack,kellerman,jkellerman@icloud.com,20,2013-09-14,412 South Garfield St.,Durham,NC,27703,919-632-2926
bjanik,dummy,bernita,janik,bjanik@outlook.com,24,2019-08-02,653 Cooper St.,Chambersburg,PA,17201,724-722-2957
dritch,dummy,daysi,ritch,dritch@gmail.com,27,2014-08-17,29 Cypress Drive,Elyria,OH,44035,937-412-5284
lgameros,dummy,leola,gameros,lgameros@zoho.com,33,2018-05-07,8850 Locust Lane,New Brunswick,NJ,8901,908-495-6623
more,dummy,melida,ore,more@icloud.com,8,2014-05-08,7581 North Miles Dr.,New Milford,CT,6776,959-921-3052
oherz,dummy,obdulia,herz,oherz@icloud.com,22,2015-04-18,642 W. Church Street,Fairmont,WV,26554,304-287-9703
whillier,dummy,wei,hillier,whillier@aol.com,12,2017-03-20,7 Wall St.,Apex,NC,27502,336-540-9077
mteamer,dummy,mechelle,teamer,mteamer@tutanota.com,21,2018-01-22,658 Third Lane,Independence,KY,41051,859-387-9171
srosenberg,dummy,scottie,rosenberg,srosenberg@zoho.com,26,2017-07-13,495 W. Railroad Street,Marion,NC,28752,919-974-8153
pabney,dummy,patsy,abney,pabney@zoho.com,12,2019-04-19,167 North Wild Rose Dr.,Springboro,OH,45066,740-989-9133
lschwan,dummy,lahoma,schwan,lschwan@aol.com,24,2014-03-17,67 Squaw Creek Lane,Linden,NJ,7036,640-810-4593
jingrassia,dummy,jeanna,ingrassia,jingrassia@tutanota.com,25,2019-03-15,932 King Lane,Saint Johns,FL,32259,407-969-2895
gsorkin,dummy,gertrud,sorkin,gsorkin@outlook.com,21,2019-06-06,917 Brook Drive,Oxford,MS,38655,769-687-8947
ssyring,dummy,shiloh,syring,ssyring@aol.com,26,2016-09-18,13 Front Lane,East Brunswick,NJ,8816,732-403-1068
cfulcher,dummy,charity,fulcher,cfulcher@gmx.com,17,2018-07-25,339 Brickyard Avenue,South Bend,IN,46614,812-817-9922
wogata,dummy,wilburn,ogata,wogata@aol.com,26,2013-11-15,996 Hilldale Ave.,Schaumburg,IL,60193,312-636-0243
melks,dummy,marisela,elks,melks@icloud.com,21,2016-01-06,9670 N. 2nd St.,Schererville,IN,46375,574-469-2301
gviars,dummy,gwyn,viars,gviars@protonmail.com,13,2019-06-05,15 Sage Court,Missoula,MT,59801,406-529-9881
kcampuzano,dummy,katherina,campuzano,kcampuzano@yandex.com,24,2013-11-17,28 Sherwood Court,Corona,NY,11368,585-421-1090
rlion,dummy,rosaria,lion,rlion@mail.com,27,2017-12-04,77 Pumpkin Hill St.,Goodlettsville,TN,37072,423-446-0644
geklund,dummy,giuseppe,eklund,geklund@aol.com,9,2018-03-28,293 Peg Shop Lane,Chillicothe,OH,45601,419-446-2246
chaskins,dummy,chrissy,haskins,chaskins@mail.com,17,2016-07-03,9492 East Cambridge Drive,Camden,NJ,8105,856-504-7716
azapata,dummy,alfonso,zapata,azapata@gmx.com,17,2016-04-10,7541 Shadow Brook Dr.,Vista,CA,92083,707-490-6526
dmatthew,dummy,dede,matthew,dmatthew@outlook.com,9,2018-05-18,313 Edgewood St.,Fairfax,VA,22030,276-901-8050
lcaya,dummy,laquita,caya,lcaya@tutanota.com,19,2018-01-29,810 Glendale Street,San Jose,CA,95127,415-678-6764
yokelley,dummy,yoshie,okelley,yokelley@aol.com,24,2015-02-14,25 Yukon Lane,Danville,VA,24540,757-900-9911
rkoeppel,dummy,rosalie,koeppel,rkoeppel@outlook.com,18,2019-01-05,683 Old Marvon St.,Abingdon,MD,21009,301-900-2419
khearon,dummy,karmen,hearon,khearon@icloud.com,22,2018-09-04,155 Randall Mill Court,Lafayette,IN,47905,317-958-0096
schapman,dummy,sierra,chapman,schapman@yahoo.com,12,2014-11-09,85 St Margarets Court,Rocklin,CA,95677,820-349-7359
dhigginbotham,dummy,dorine,higginbotham,dhigginbotham@gmx.com,8,2017-04-10,9710 2nd Court,Portage,IN,46368,219-860-7506
hbarbeau,dummy,harold,barbeau,hbarbeau@mail.com,24,2019-08-08,9720 Strawberry St.,Mcminnville,TN,37110,629-847-2069
jpoirrier,dummy,jorge,poirrier,jpoirrier@tutanota.com,33,2014-12-16,91 Chestnut Dr.,West Deptford,NJ,8096,973-321-7963
skocsis,dummy,sheldon,kocsis,skocsis@gmx.com,13,2015-09-14,159 S. Bellevue Ave.,Quincy,MA,2169,351-891-7190
sbumpers,dummy,shonda,bumpers,sbumpers@yahoo.com,11,2015-06-23,57 Bow Ridge Street,Grove City,OH,43123,330-424-9835
phochmuth,dummy,paulette,hochmuth,phochmuth@zoho.com,9,2013-06-04,76 Trusel Ave.,Millville,NJ,8332,201-720-5341
dsteffenson,dummy,delaine,steffenson,dsteffenson@tutanota.com,26,2016-05-30,90 Fairground Ave.,Wooster,OH,44691,419-230-7114
sludlum,dummy,sharron,ludlum,sludlum@gmx.com,15,2017-04-01,8387 Hamilton Ave.,York,PA,17402,570-939-1476
rhockaday,dummy,robert,hockaday,rhockaday@aol.com,16,2019-07-28,76 Iroquois Drive,Danvers,MA,1923,774-470-9268
cringgold,dummy,cornelius,ringgold,cringgold@aol.com,19,2018-02-15,9659 W. Sierra Rd.,Butte,MT,59701,406-502-4108
kheindel,dummy,kayce,heindel,kheindel@yandex.com,21,2018-12-05,778 High Noon Ave.,Hartsville,SC,29550,854-236-4099
msedor,dummy,malka,sedor,msedor@gmx.com,19,2018-07-24,685 County St.,Lindenhurst,NY,11757,585-513-0808
lvogel,dummy,lolita,vogel,lvogel@gmail.com,21,2019-07-10,8456 Beech Drive,Ames,IA,50010,712-859-7184
jforbis,dummy,jona,forbis,jforbis@outlook.com,8,2016-06-03,7477 53rd Dr.,Mahwah,NJ,7430,973-501-9028
ejared,dummy,eilene,jared,ejared@tutanota.com,21,2018-07-12,8617 South Cottage St.,Norfolk,VA,23503,540-578-5943
nringo,dummy,natasha,ringo,nringo@icloud.com,21,2014-12-06,7753 High Road,Mcdonough,GA,30252,762-946-7397
mdemeritt,dummy,maryam,demeritt,mdemeritt@icloud.com,15,2016-12-06,59 Brook St.,Lake Jackson,TX,77566,214-895-7260
jwhaley,dummy,josephina,whaley,jwhaley@aol.com,16,2014-04-11,126 Pineknoll St.,Thibodaux,LA,70301,985-460-0064
mgoshorn,dummy,magdalen,goshorn,mgoshorn@gmail.com,12,2016-12-26,8618 Walnut Lane,Circle Pines,MN,55014,952-303-7328
cellenburg,dummy,caprice,ellenburg,cellenburg@protonmail.com,17,2013-10-16,519 Highland St.,Harvey,IL,60426,773-807-3494
tfinnell,dummy,tish,finnell,tfinnell@zoho.com,21,2013-08-21,611 Center Street,Palm Beach Gardens,FL,33410,561-927-4066
rbergquist,dummy,roxane,bergquist,rbergquist@icloud.com,15,2014-01-07,85 Glenridge St.,Horn Lake,MS,38637,769-496-8015
dmoulton,dummy,darius,moulton,dmoulton@gmail.com,15,2016-01-14,136 Lake Drive,Niagara Falls,NY,14304,631-390-6712
dgorman,dummy,delma,gorman,dgorman@zoho.com,25,2013-12-23,8096 Old Yukon Street,Plattsburgh,NY,12901,716-223-6868
lkring,dummy,lionel,kring,lkring@yahoo.com,14,2013-08-23,8345 Amherst St.,Merrick,NY,11566,347-338-0304
vabele,dummy,vonda,abele,vabele@aol.com,23,2014-01-06,8800 Country Club Drive,Muskegon,MI,49441,586-879-5659
dspataro,dummy,daisy,spataro,dspataro@gmx.com,26,2018-02-13,22 Bayport Street,Brookfield,WI,53045,920-441-1534
mcranmer,dummy,mildred,cranmer,mcranmer@yahoo.com,22,2019-05-20,8520 Cardinal Drive,Erie,PA,16506,412-329-6206
kteeter,dummy,kiera,teeter,kteeter@yandex.com,19,2018-03-19,22 Clark Ave.,Hammonton,NJ,8037,732-271-4511
nfernandez,dummy,nolan,fernandez,nfernandez@mail.com,18,2017-01-29,9204 E. Westminster Ave.,Winchester,VA,22601,703-245-2353
nforys,dummy,nelle,forys,nforys@zoho.com,17,2013-10-14,233 East Sulphur Springs Street,Grand Island,NE,68801,531-737-4904
dpines,dummy,darell,pines,dpines@gmx.com,13,2016-04-05,123 Miles Street,Oak Park,MI,48237,269-519-6251
khoaglin,dummy,kelley,hoaglin,khoaglin@gmail.com,15,2014-12-09,40 Hillcrest St.,Martinsville,VA,24112,540-210-1042
dgoucher,dummy,douglass,goucher,dgoucher@gmail.com,26,2017-09-24,8894 Overlook Avenue,Olney,MD,20832,240-830-0628
dspielman,dummy,derick,spielman,dspielman@protonmail.com,23,2014-05-04,598 Thomas Lane,Mokena,IL,60448,708-588-8391
glessard,dummy,grant,lessard,glessard@tutanota.com,25,2015-04-11,9 White Road,Fort Wayne,IN,46804,317-948-6882
dmeller,dummy,darrick,meller,dmeller@icloud.com,16,2015-11-03,2 West Marconi Street,Madison,AL,35758,334-255-5852
fneuner,dummy,franklyn,neuner,fneuner@gmx.com,20,2018-06-06,578 Pacific Street,Libertyville,IL,60048,872-970-3420
geisner,dummy,gil,eisner,geisner@mail.com,21,2017-01-18,9408 Honey Creek Street,Anoka,MN,55303,218-414-8579
goberlander,dummy,gino,oberlander,goberlander@tutanota.com,24,2015-05-19,683 Arnold St.,North Kingstown,RI,2852,401-459-8115
vbohlen,dummy,vito,bohlen,vbohlen@yahoo.com,15,2018-11-16,8167 Park Road,Forest Hills,NY,11375,914-480-0806
cmather,dummy,corey,mather,cmather@protonmail.com,20,2015-01-30,6 Windfall St.,Round Lake,IL,60073,331-363-3038
rmunn,dummy,royce,munn,rmunn@gmail.com,21,2018-10-23,9947 East Railroad St.,Metairie,LA,70001,225-281-1661
estricklin,dummy,efren,stricklin,estricklin@outlook.com,23,2018-11-14,450 W. Pleasant St.,Parkersburg,WV,26101,681-407-7948
lbeeson,dummy,leland,beeson,lbeeson@protonmail.com,12,2019-08-03,43 Sugar Road,Ashland,OH,44805,220-640-9015
lpyper,dummy,loren,pyper,lpyper@icloud.com,8,2013-09-15,64 Locust St.,Marlton,NJ,8053,201-934-8450
mrotter,dummy,micheal,rotter,mrotter@yahoo.com,28,2014-08-25,34 Hall St.,Irmo,SC,29063,803-365-2205
mgalentine,dummy,mary,galentine,mgalentine@aol.com,8,2018-01-12,426 Purple Finch Lane,Eastlake,OH,44095,216-496-0685
astraker,dummy,antonia,straker,astraker@icloud.com,21,2014-01-01,60 South Cambridge Avenue,Franklin Square,NY,11010,929-335-4381
bharte,dummy,brandon,harte,bharte@zoho.com,16,2017-03-06,690 Forest Street,Farmingdale,NY,11735,347-905-3628
bheflin,dummy,blaine,heflin,bheflin@mail.com,19,2013-08-26,53 Walt Whitman St.,Rowlett,TX,75088,409-889-6004
tpannell,dummy,tyree,pannell,tpannell@yandex.com,26,2014-10-05,328 North Elizabeth St.,Passaic,NJ,7055,732-683-4036
fwoodberry,dummy,francis,woodberry,fwoodberry@outlook.com,16,2016-12-27,893 W. Depot Dr.,Albany,NY,12203,631-760-9766
harney,dummy,harley,arney,harney@yandex.com,19,2013-11-21,284 Greenview St.,Pataskala,OH,43062,216-453-2444
bfarfan,dummy,bruce,farfan,bfarfan@gmx.com,22,2014-03-29,26 West Princess Ave.,Mobile,AL,36605,334-510-0327
echilders,dummy,erich,childers,echilders@yandex.com,22,2016-01-07,870 Thatcher Court,Olive Branch,MS,38654,228-468-5094
cdelao,dummy,christian,delao,cdelao@zoho.com,19,2017-09-10,7086 Southampton St.,De Pere,WI,54115,534-427-8806
smcglynn,dummy,santiago,mcglynn,smcglynn@gmail.com,9,2013-08-14,275 Myers Drive,Detroit,MI,48205,989-252-2069
sbrown,dummy,sherwood,brown,sbrown@icloud.com,16,2016-06-13,928 Winding Way St.,Salem,MA,1970,617-732-4908
bshockley,dummy,bryan,shockley,bshockley@yahoo.com,25,2015-07-31,6 53rd Lane,Longview,TX,75604,903-703-8956
nhawthorn,dummy,noble,hawthorn,nhawthorn@yandex.com,11,2016-02-16,383 N. Fairfield Ave.,Clifton,NJ,7011,201-899-2627
kburford,dummy,kenneth,burford,kburford@mail.com,19,2016-05-06,31 Alton St.,Palm Bay,FL,32907,386-970-5426
ilamphere,dummy,irving,lamphere,ilamphere@icloud.com,10,2013-05-20,956 Tunnel Dr.,Chicago,IL,60621,708-964-8536
fmarroquin,dummy,felipe,marroquin,fmarroquin@outlook.com,20,2014-02-28,982 Green Hill Dr.,Bettendorf,IA,52722,563-838-6554
awesley,dummy,alden,wesley,awesley@yandex.com,21,2018-03-19,409 Lakeview Lane,Auburndale,FL,33823,754-829-1785
estandard,dummy,esteban,standard,estandard@icloud.com,27,2018-04-04,93 Circle Court,Livingston,NJ,7039,732-369-2961
rwenzel,dummy,rocky,wenzel,rwenzel@zoho.com,11,2014-02-23,559 E. Wrangler Dr.,Fort Mill,SC,29708,803-371-9002
ghyer,dummy,garry,hyer,ghyer@zoho.com,13,2015-09-07,9325 Proctor Street,Orange,NJ,7050,908-456-5757
rontiveros,dummy,roberto,ontiveros,rontiveros@mail.com,11,2017-07-24,1 Marconi Drive,Trumbull,CT,6611,203-247-8771
hdillenbeck,dummy,hassan,dillenbeck,hdillenbeck@mail.com,15,2013-12-02,131 Fawn Street,West Haven,CT,6516,959-540-4810
daceves,dummy,douglas,aceves,daceves@gmail.com,20,2015-11-26,82 Griffin Ave.,Orchard Park,NY,14127,838-937-9146
bhoots,dummy,buddy,hoots,bhoots@yahoo.com,8,2018-01-06,9217 Helen Dr.,Santa Monica,CA,90403,747-637-5021
jstrecker,dummy,jarred,strecker,jstrecker@yandex.com,15,2015-02-21,592 Maiden Street,Sugar Land,TX,77478,832-767-1225
ehatton,dummy,elden,hatton,ehatton@yahoo.com,16,2017-09-13,227 Cactus Street,Owings Mills,MD,21117,240-831-4446
afeiler,dummy,anderson,feiler,afeiler@protonmail.com,21,2016-01-26,8438 Beech Dr.,Grosse Pointe,MI,48236,586-640-8268
carbeiter,dummy,cleveland,arbeiter,carbeiter@gmx.com,19,2016-10-24,7 Poor House Street,Panama City,FL,32404,772-698-8933
aradley,dummy,arthur,radley,aradley@protonmail.com,15,2014-05-12,7849 Windfall Dr.,Whitehall,PA,18052,724-319-6549
fbruni,dummy,frances,bruni,fbruni@gmail.com,26,2017-07-23,7475 Glen Ridge Court,Dorchester Center,MA,2124,617-443-3321
sfletcher,dummy,sterling,fletcher,sfletcher@aol.com,24,2018-02-04,490 East 10th St.,Paramus,NJ,7652,862-921-3460
jleider,dummy,josiah,leider,jleider@outlook.com,11,2017-01-30,9060 Fieldstone Dr.,Apple Valley,CA,92307,760-551-8551
gromriell,dummy,geoffrey,romriell,gromriell@aol.com,20,2013-11-24,796 Ocean Ave.,Opa Locka,FL,33054,863-495-4024
fkurth,dummy,frederick,kurth,fkurth@zoho.com,23,2013-07-28,967 Penn Court,Augusta,GA,30906,478-738-7887
ltussey,dummy,luke,tussey,ltussey@zoho.com,24,2017-11-13,61 Saxton Lane,San Angelo,TX,76901,806-395-6635
ovanek,dummy,omer,vanek,ovanek@icloud.com,21,2016-05-16,7021 Gregory St.,East Stroudsburg,PA,18301,724-972-6231
tcasler,dummy,tracy,casler,tcasler@yandex.com,19,2016-09-22,83 Edgemont Ave.,Woonsocket,RI,2895,401-698-3783
mbejarano,dummy,miguel,bejarano,mbejarano@gmail.com,10,2013-10-09,831 Arcadia St.,Saint Joseph,MI,49085,231-436-2496
sammon,dummy,seymour,ammon,sammon@mail.com,23,2018-08-07,469 South Vale Street,Germantown,MD,20874,443-271-9955
lclifton,dummy,lonny,clifton,lclifton@yandex.com,8,2018-03-23,8860 Pine Dr.,Zion,IL,60099,630-390-2261
skontos,dummy,solomon,kontos,skontos@zoho.com,11,2013-09-12,8929 Deerfield Street,Niles,MI,49120,734-959-1830
lbobo,dummy,logan,bobo,lbobo@zoho.com,15,2016-06-16,137 Smith Store Dr.,Manchester Township,NJ,8759,609-866-3391
dehrhart,dummy,dan,ehrhart,dehrhart@mail.com,15,2015-12-31,7219 Oak Valley Street,Bedford,OH,44146,513-333-5153
jdorris,dummy,jamey,dorris,jdorris@tutanota.com,27,2014-12-25,8288 Oak Valley Ave.,Patchogue,NY,11772,315-926-6992
lshumway,dummy,luther,shumway,lshumway@mail.com,22,2016-12-30,792 Bridle Drive,Warminster,PA,18974,267-537-5668
atolar,dummy,alan,tolar,atolar@gmx.com,11,2019-02-02,22 Trusel Court,Stillwater,MN,55082,218-796-8437
estephens,dummy,erick,stephens,estephens@gmail.com,19,2015-08-18,99 Redwood Street,Gastonia,NC,28052,984-712-0497
ghalliday,dummy,glenn,halliday,ghalliday@aol.com,28,2015-08-31,7265 S. Smith Store St.,Elkton,MD,21921,443-933-5178
cpoitras,dummy,columbus,poitras,cpoitras@outlook.com,14,2017-04-27,69 Euclid St.,Delaware,OH,43015,234-424-1926
cmangan,dummy,charley,mangan,cmangan@gmx.com,11,2015-03-02,9402 Livingston St.,Morton Grove,IL,60053,312-476-7371
dsisco,dummy,doyle,sisco,dsisco@gmail.com,16,2017-08-03,179 Gartner St.,Clermont,FL,34711,321-236-7057
whagwood,dummy,wilfred,hagwood,whagwood@outlook.com,15,2014-01-04,58 Wood St.,Graham,NC,27253,980-651-9289
gbedard,dummy,gregg,bedard,gbedard@aol.com,19,2018-08-10,8960 6th Ave.,North Olmsted,OH,44070,419-212-1702
cescalona,dummy,cristobal,escalona,cescalona@tutanota.com,16,2017-02-12,19 Lakeview Ave.,Dallas,GA,30132,478-856-0007
dgouin,dummy,darius,gouin,dgouin@gmail.com,21,2014-04-27,81 North Rockland St.,Cookeville,TN,38501,731-828-3939
stesterman,dummy,samuel,testerman,stesterman@mail.com,25,2017-10-13,252 Henry Smith Lane,Zionsville,IN,46077,930-313-9367
dbalderas,dummy,damon,balderas,dbalderas@gmx.com,15,2015-10-04,59 Pierce St.,Clinton,MD,20735,443-263-2511
jdimartino,dummy,jacques,dimartino,jdimartino@yahoo.com,20,2016-09-04,224 Harvard Road,Bangor,ME,4401,207-269-3462
dradovich,dummy,dewayne,radovich,dradovich@gmail.com,18,2015-01-21,8434 W. Colonial Street,Miami Beach,FL,33139,407-794-7501
tburroughs,dummy,theo,burroughs,tburroughs@yahoo.com,10,2017-03-16,9649 Atlantic Lane,Wake Forest,NC,27587,984-475-7836
jholms,dummy,jordon,holms,jholms@yahoo.com,11,2017-04-10,8784 Lafayette Circle,Muncie,IN,47302,219-604-2106
hbogart,dummy,herbert,bogart,hbogart@icloud.com,22,2015-07-08,9343 Thompson Rd.,Powell,TN,37849,629-455-7663
wbamber,dummy,will,bamber,wbamber@zoho.com,11,2016-02-17,120 Roberts Street,Naples,FL,34116,407-945-6731
cmichels,dummy,carlos,michels,cmichels@aol.com,24,2017-07-20,438 Monroe Avenue,Blackwood,NJ,8012,609-351-3633
jlosada,dummy,jose,losada,jlosada@gmail.com,25,2016-12-30,42 W. Cherry Hill Rd.,Miamisburg,OH,45342,937-396-9130
ccornman,dummy,carlo,cornman,ccornman@tutanota.com,14,2018-08-30,7 Wintergreen St.,Valdosta,GA,31601,706-986-9717
kcombest,dummy,kristopher,combest,kcombest@aol.com,26,2019-02-20,38 Brewery Avenue,Bel Air,MD,21014,443-840-3112
bdeloach,dummy,barry,deloach,bdeloach@protonmail.com,20,2017-09-22,9149 North Marlborough Lane,Osseo,MN,55311,651-991-1169
kberumen,dummy,kevin,berumen,kberumen@yandex.com,21,2014-11-28,18 Indian Summer St.,Cape Coral,FL,33904,561-902-6256
crandle,dummy,carmelo,randle,crandle@mail.com,25,2017-04-27,332 Prince Drive,Greenville,NC,27834,252-237-8768
mengh,dummy,morris,engh,mengh@icloud.com,13,2019-03-25,723 W. Sycamore Street,Thomasville,NC,27360,743-623-8155
mbissell,dummy,maximo,bissell,mbissell@outlook.com,18,2015-02-26,9804 Harvard Ave.,Bear,DE,19701,302-817-7781
ctreadway,dummy,chas,treadway,ctreadway@tutanota.com,18,2017-12-05,9579 Winding Way Ave.,Attleboro,MA,2703,978-286-8145
cbranch,dummy,charlie,branch,cbranch@gmail.com,13,2017-05-13,49 Wakehurst Road,Lanham,MD,20706,301-975-2855
eheine,dummy,ernest,heine,eheine@outlook.com,19,2013-08-26,36 E. East Dr.,Fredericksburg,VA,22405,757-991-2979
spastrana,dummy,shon,pastrana,spastrana@aol.com,10,2013-09-19,168 E. River Ave.,Highland Park,IL,60035,618-561-7844
cfrazier,dummy,carol,frazier,cfrazier@yahoo.com,24,2019-06-05,30 Lake Road,Elmhurst,NY,11373,914-614-5802
jbryer,dummy,joel,bryer,jbryer@zoho.com,25,2016-04-07,7742 Pin Oak Lane,Coraopolis,PA,15108,570-584-0829
ltallon,dummy,lemuel,tallon,ltallon@icloud.com,30,2016-10-02,7138 Princess Court,Alliance,OH,44601,419-446-1025
jflinchum,dummy,justin,flinchum,jflinchum@icloud.com,23,2016-09-13,290 Oakland St.,Los Angeles,CA,90008,909-283-2672
cruggiero,dummy,coleman,ruggiero,cruggiero@icloud.com,10,2018-11-17,1 Oakwood Rd.,Hamtramck,MI,48212,586-746-5592
dfunkhouser,dummy,darron,funkhouser,dfunkhouser@gmx.com,24,2013-11-02,94 Court Lane,Oak Creek,WI,53154,414-590-9702
jsayers,dummy,josh,sayers,jsayers@icloud.com,19,2015-10-26,9 Cedar Swamp Rd.,Shakopee,MN,55379,952-206-1432
hharbuck,dummy,herb,harbuck,hharbuck@yahoo.com,25,2019-03-09,248 Glen Ridge St.,Plainfield,NJ,7060,732-392-3893
rinabinet,dummy,rex,inabinet,rinabinet@gmx.com,23,2019-06-26,9259 Selby Street,Centereach,NY,11720,518-528-4007
ffuchs,dummy,faustino,fuchs,ffuchs@icloud.com,13,2015-01-13,9013 Washington Road,Loveland,OH,45140,440-618-0250
ptuel,dummy,porfirio,tuel,ptuel@outlook.com,15,2019-03-09,9444 East St.,Hendersonville,NC,28792,980-782-4328
eslate,dummy,eloy,slate,eslate@yahoo.com,17,2018-09-07,9895 Miles Lane,Westfield,MA,1085,508-592-0430
ecanning,dummy,eduardo,canning,ecanning@mail.com,8,2019-08-26,7603 Broad Lane,Dunedin,FL,34698,727-550-9259
lwheelwright,dummy,leslie,wheelwright,lwheelwright@yahoo.com,11,2015-10-26,98 Brewery St.,Ephrata,PA,17522,445-337-7856
dolden,dummy,desmond,olden,dolden@protonmail.com,24,2014-09-20,82 White Street,Portland,ME,4103,207-794-6490
aamar,dummy,adan,amar,aamar@aol.com,21,2016-10-11,920 Stonybrook St.,Piedmont,SC,29673,843-273-8080
cbraunstein,dummy,courtney,braunstein,cbraunstein@icloud.com,13,2016-03-06,289 Hartford Street,Burlington,MA,1803,351-391-8771
bsager,dummy,brendon,sager,bsager@mail.com,20,2018-02-09,8121 Jefferson St.,Janesville,WI,53546,414-497-5530
ptoohey,dummy,philip,toohey,ptoohey@protonmail.com,22,2013-12-27,7344 Selby St.,Perrysburg,OH,43551,419-218-7788
sfunke,dummy,stevie,funke,sfunke@outlook.com,13,2018-12-31,237 Holly St.,Indianapolis,IN,46201,219-508-6230
khuntley,dummy,kennith,huntley,khuntley@icloud.com,22,2016-11-06,7822 Berkshire Ave.,Concord,NH,3301,603-901-2246
bjutras,dummy,bradford,jutras,bjutras@gmail.com,16,2017-12-26,2 West Thorne Drive,Mountain View,CA,94043,559-297-4092
jvos,dummy,jonas,vos,jvos@mail.com,18,2016-12-18,9883 Cactus Lane,Mankato,MN,56001,218-492-1661
ehasegawa,dummy,elmer,hasegawa,ehasegawa@tutanota.com,22,2017-07-26,339 Devonshire Drive,Satellite Beach,FL,32937,352-516-3598
inolin,dummy,ike,nolin,inolin@zoho.com,19,2017-04-17,5 Sheffield Rd.,Springfield Gardens,NY,11413,934-256-6490
rdarland,dummy,richard,darland,rdarland@yahoo.com,22,2015-10-08,147 E. Paris Hill Ave.,Griffin,GA,30223,229-737-7645
splott,dummy,scot,plott,splott@mail.com,12,2014-04-30,7782 Griffin St.,Langhorne,PA,19047,215-660-3785
fmckendree,dummy,fernando,mckendree,fmckendree@gmx.com,16,2014-07-06,99 Galvin Court,Chippewa Falls,WI,54729,608-532-7933
clevey,dummy,chung,levey,clevey@protonmail.com,8,2019-02-04,8839 Taylor St.,North Miami Beach,FL,33160,727-319-9332
rhuckaby,dummy,renaldo,huckaby,rhuckaby@outlook.com,23,2013-06-19,900 Fulton Drive,Capitol Heights,MD,20743,410-955-7094
kcoleman,dummy,kendrick,coleman,kcoleman@icloud.com,8,2014-06-24,38 Woodside Avenue,East Meadow,NY,11554,607-492-9612
dfajardo,dummy,delbert,fajardo,dfajardo@protonmail.com,16,2019-08-19,986 Indian Summer Ave.,Canton,GA,30114,678-203-6845
eviviano,dummy,emmett,viviano,eviviano@mail.com,19,2018-01-17,15 Winding Way St.,Buckeye,AZ,85326,928-762-1876
bguinan,dummy,brett,guinan,bguinan@tutanota.com,20,2017-06-10,918 Trout St.,Melrose,MA,2176,508-444-3933
rohern,dummy,raleigh,ohern,rohern@tutanota.com,17,2018-05-13,12 University Street,Hillsborough,NJ,8844,551-428-4552
tprzybylski,dummy,timothy,przybylski,tprzybylski@aol.com,26,2019-02-23,46 West 2nd Drive,Mahopac,NY,10541,607-458-4265
rficklin,dummy,rudy,ficklin,rficklin@zoho.com,27,2018-05-21,412 Depot Road,Lincolnton,NC,28092,704-509-9887
bkitt,dummy,brandon,kitt,bkitt@aol.com,15,2019-08-17,7441 San Pablo St.,Henrico,VA,23228,703-337-8639
bwesterlund,dummy,barry,westerlund,bwesterlund@gmx.com,15,2014-06-25,996 Lawrence Dr.,Cornelius,NC,28031,336-908-5130
mmaitland,dummy,mike,maitland,mmaitland@yandex.com,19,2016-09-10,587 Old York Circle,Tupelo,MS,38801,662-874-7213
tmcgaugh,dummy,tobias,mcgaugh,tmcgaugh@tutanota.com,17,2013-07-10,430 Mulberry Drive,Hilliard,OH,43026,440-473-5037
gnewbern,dummy,gino,newbern,gnewbern@gmx.com,25,2017-10-25,9233 Augusta Ave.,Wakefield,MA,1880,508-745-8480
mdail,dummy,marcel,dail,mdail@protonmail.com,18,2018-09-11,213 Canterbury Court,Deerfield,IL,60015,815-276-6558
gdress,dummy,gilberto,dress,gdress@gmail.com,9,2016-12-04,690 High Ridge Drive,North Brunswick,NJ,8902,862-762-0420
ehendricks,dummy,elton,hendricks,ehendricks@gmx.com,9,2013-10-20,97 Valley Farms Drive,Astoria,NY,11102,929-519-1397
cferrer,dummy,christian,ferrer,cferrer@gmx.com,20,2017-04-28,323 Gonzales Dr.,South Ozone Park,NY,11420,332-241-2443
mdao,dummy,malcolm,dao,mdao@yahoo.com,22,2015-05-10,940 East Glenlake St.,Danbury,CT,6810,203-803-7219
ebrickey,dummy,edgar,brickey,ebrickey@mail.com,16,2015-04-16,175 Plymouth Ave.,Glen Burnie,MD,21060,667-721-3930
jvarnadoe,dummy,jorge,varnadoe,jvarnadoe@zoho.com,15,2018-09-27,532 Cambridge Ave.,Garden City,NY,11530,631-801-7549
gcharron,dummy,gerardo,charron,gcharron@zoho.com,9,2014-03-14,64 Windsor St.,Saint Cloud,MN,56301,651-766-2272
bvanscoy,dummy,brain,vanscoy,bvanscoy@gmx.com,25,2017-07-31,86 Morris Ave.,Goose Creek,SC,29445,854-878-5039
jhansel,dummy,jarod,hansel,jhansel@protonmail.com,26,2014-06-08,815 Bohemia Drive,Nanuet,NY,10954,646-886-8159
ltefft,dummy,lesley,tefft,ltefft@gmail.com,18,2014-06-06,48 Rockcrest Dr.,Carlisle,PA,17013,570-680-0380
rluu,dummy,raymundo,luu,rluu@icloud.com,19,2016-06-16,660 Cross St.,Urbandale,IA,50322,712-487-8864
ofillmore,dummy,ollie,fillmore,ofillmore@tutanota.com,12,2015-10-30,850 Proctor Lane,Colonial Heights,VA,23834,276-928-6872
mmaeda,dummy,margarito,maeda,mmaeda@tutanota.com,21,2017-04-30,7253 White Dr.,Mishawaka,IN,46544,463-315-4238
aheitman,dummy,al,heitman,aheitman@tutanota.com,9,2014-10-15,30 W. Bedford Street,New Bern,NC,28560,919-449-4324